<?xml version="1.0" encoding="UTF-8"?>
<suppressions xmlns="https://jeremylong.github.io/DependencyCheck/dependency-suppression.1.3.xsd">
  <!--Please add all the false positives under the below section-->
  <suppress base="true">
    <notes><![CDATA[
    Suppressing specific CVEs for azure-identity, azure-identity-extensions, and msal4j as per FP #6491 and FP #7000
    ]]></notes>
    <packageUrl regex="true">^pkg:maven/(com\.azure/azure-identity(-extensions)?|com\.microsoft\.azure/msal4j)(@|:).*$</packageUrl>
    <cpe>cpe:2.3:a:microsoft:azure_identity_sdk</cpe>
    <cpe>cpe:2.3:a:microsoft:azure_sdk_for_java</cpe>
    <cpe>cpe:2.3:a:microsoft:authentication_library</cpe>
    <cve>CVE-2023-36414</cve>
    <cve>CVE-2023-36415</cve>
    <cve>CVE-2024-35255</cve>
  </suppress>
  <suppress base="true">
    <notes>Pebble templates</notes>
    <cve>CVE-2025-1686</cve>
  </suppress>
  <!--End of false positives section -->
</suppressions>
